{
	"credit": "zanderest",
	"ambientocclusion": false,
	"textures": {
		"0": "block/comparator_on",
		"1": "block/smooth_stone",
		"3": "block/redstone_torch_model",
		"particle": "block/smooth_stone"
	},
	"elements": [
		{
			"name": "baseplate",
			"from": [0, 0, 0],
			"to": [16, 2, 16],
			"faces": {
				"north": {"uv": [0, 14, 16, 16], "texture": "#1"},
				"east": {"uv": [0, 14, 16, 16], "texture": "#1"},
				"south": {"uv": [0, 14, 16, 16], "texture": "#1"},
				"west": {"uv": [0, 14, 16, 16], "texture": "#1"},
				"up": {"uv": [0, 0, 16, 16], "texture": "#0"},
				"down": {"uv": [0, 0, 16, 16], "texture": "#1"}
			}
		},
		{
			"name": "torch",
			"from": [7, 3, 2],
			"to": [9, 5, 4],
			"shade": false,
			"faces": {
				"north": {"uv": [7, 4, 9, 6], "texture": "#3"},
				"east": {"uv": [7, 4, 9, 6], "texture": "#3"},
				"south": {"uv": [7, 4, 9, 6], "texture": "#3"},
				"west": {"uv": [7, 4, 9, 6], "texture": "#3"},
				"up": {"uv": [7, 4, 9, 6], "texture": "#3"}
			}
		},
		{
			"name": "torch",
			"from": [7, 2, 2],
			"to": [9, 2.5, 4],
			"faces": {
				"north": {"uv": [7, 6.5, 9, 7], "texture": "#3"},
				"east": {"uv": [7, 6.5, 9, 7], "texture": "#3"},
				"south": {"uv": [7, 6.5, 9, 7], "texture": "#3"},
				"west": {"uv": [7, 6.5, 9, 7], "texture": "#3"}
			}
		},
		{
			"name": "glow",
			"from": [9.5, 5.5, 4.5],
			"to": [6.5, 2.5, 1.5],
			"shade": false,
			"faces": {
				"north": {"uv": [7, 2, 9, 4], "texture": "#3"},
				"east": {"uv": [7, 2, 9, 4], "texture": "#3"},
				"south": {"uv": [7, 2, 9, 4], "texture": "#3"},
				"west": {"uv": [7, 2, 9, 4], "texture": "#3"},
				"up": {"uv": [7, 2, 9, 4], "texture": "#3"},
				"down": {"uv": [7, 2, 9, 4], "texture": "#3"}
			}
		},
		{
			"name": "glow",
			"from": [7, 2.5, 2],
			"to": [9, 3, 4],
			"shade": false,
			"faces": {
				"north": {"uv": [7, 2, 9, 4], "texture": "#3"},
				"east": {"uv": [7, 2, 9, 4], "texture": "#3"},
				"south": {"uv": [7, 2, 9, 4], "texture": "#3"},
				"west": {"uv": [7, 2, 9, 4], "texture": "#3"}
			}
		},
		{
			"name": "torch",
			"from": [10, 5, 11],
			"to": [12, 7, 13],
			"shade": false,
			"faces": {
				"north": {"uv": [7, 4, 9, 6], "texture": "#3"},
				"east": {"uv": [7, 4, 9, 6], "texture": "#3"},
				"south": {"uv": [7, 4, 9, 6], "texture": "#3"},
				"west": {"uv": [7, 4, 9, 6], "texture": "#3"},
				"up": {"uv": [7, 4, 9, 6], "texture": "#3"}
			}
		},
		{
			"name": "torch",
			"from": [10, 2, 11],
			"to": [12, 4.5, 13],
			"faces": {
				"north": {"uv": [7, 6.5, 9, 9], "texture": "#3"},
				"east": {"uv": [7, 6.5, 9, 9], "texture": "#3"},
				"south": {"uv": [7, 6.5, 9, 9], "texture": "#3"},
				"west": {"uv": [7, 6.5, 9, 9], "texture": "#3"}
			}
		},
		{
			"name": "glow",
			"from": [12.5, 7.5, 13.5],
			"to": [9.5, 4.5, 10.5],
			"shade": false,
			"faces": {
				"north": {"uv": [7, 2, 9, 4], "texture": "#3"},
				"east": {"uv": [7, 2, 9, 4], "texture": "#3"},
				"south": {"uv": [7, 2, 9, 4], "texture": "#3"},
				"west": {"uv": [7, 2, 9, 4], "texture": "#3"},
				"up": {"uv": [7, 2, 9, 4], "texture": "#3"},
				"down": {"uv": [7, 2, 9, 4], "texture": "#3"}
			}
		},
		{
			"name": "glow",
			"from": [10, 4.5, 11],
			"to": [12, 5, 13],
			"shade": false,
			"faces": {
				"north": {"uv": [7, 2, 9, 4], "texture": "#3"},
				"east": {"uv": [7, 2, 9, 4], "texture": "#3"},
				"south": {"uv": [7, 2, 9, 4], "texture": "#3"},
				"west": {"uv": [7, 2, 9, 4], "texture": "#3"}
			}
		},
		{
			"name": "torch",
			"from": [4, 5, 11],
			"to": [6, 7, 13],
			"shade": false,
			"faces": {
				"north": {"uv": [7, 4, 9, 6], "texture": "#3"},
				"east": {"uv": [7, 4, 9, 6], "texture": "#3"},
				"south": {"uv": [7, 4, 9, 6], "texture": "#3"},
				"west": {"uv": [7, 4, 9, 6], "texture": "#3"},
				"up": {"uv": [7, 4, 9, 6], "texture": "#3"}
			}
		},
		{
			"name": "torch",
			"from": [4, 2, 11],
			"to": [6, 4.5, 13],
			"faces": {
				"north": {"uv": [7, 6.5, 9, 9], "texture": "#3"},
				"east": {"uv": [7, 6.5, 9, 9], "texture": "#3"},
				"south": {"uv": [7, 6.5, 9, 9], "texture": "#3"},
				"west": {"uv": [7, 6.5, 9, 9], "texture": "#3"}
			}
		},
		{
			"name": "glow",
			"from": [6.5, 7.5, 13.5],
			"to": [3.5, 4.5, 10.5],
			"shade": false,
			"faces": {
				"north": {"uv": [7, 2, 9, 4], "texture": "#3"},
				"east": {"uv": [7, 2, 9, 4], "texture": "#3"},
				"south": {"uv": [7, 2, 9, 4], "texture": "#3"},
				"west": {"uv": [7, 2, 9, 4], "texture": "#3"},
				"up": {"uv": [7, 2, 9, 4], "texture": "#3"},
				"down": {"uv": [7, 2, 9, 4], "texture": "#3"}
			}
		},
		{
			"name": "glow",
			"from": [4, 4.5, 11],
			"to": [6, 5, 13],
			"shade": false,
			"faces": {
				"north": {"uv": [7, 2, 9, 4], "texture": "#3"},
				"east": {"uv": [7, 2, 9, 4], "texture": "#3"},
				"south": {"uv": [7, 2, 9, 4], "texture": "#3"},
				"west": {"uv": [7, 2, 9, 4], "texture": "#3"}
			}
		}
	]
}