{
	"credit": "zanderest",
	"ambientocclusion": false,
	"textures": {
		"0": "block/repeater_on",
		"1": "block/smooth_stone",
		"2": "block/redstone_torch_model",
		"3": "block/bedrock",
		"particle": "block/smooth_stone"
	},
	"elements": [
		{
			"name": "baseplate",
			"from": [0, 0, 0],
			"to": [16, 2, 16],
			"faces": {
				"north": {"uv": [0, 14, 16, 16], "texture": "#1"},
				"east": {"uv": [0, 14, 16, 16], "texture": "#1"},
				"south": {"uv": [0, 14, 16, 16], "texture": "#1"},
				"west": {"uv": [0, 14, 16, 16], "texture": "#1"},
				"up": {"uv": [0, 0, 16, 16], "texture": "#0"},
				"down": {"uv": [0, 0, 16, 16], "texture": "#1"}
			}
		},
		{
			"name": "lock",
			"from": [2, 2, 10],
			"to": [14, 4, 12],
			"faces": {
				"north": {"uv": [2, 7, 14, 9], "texture": "#3"},
				"east": {"uv": [7, 7, 9, 9], "texture": "#3"},
				"south": {"uv": [2, 7, 14, 9], "texture": "#3"},
				"west": {"uv": [7, 7, 9, 9], "texture": "#3"},
				"up": {"uv": [7, 2, 9, 14], "rotation": 90, "texture": "#3"}
			}
		},
		{
			"name": "torch",
			"from": [7, 5, 2],
			"to": [9, 7, 4],
			"shade": false,
			"faces": {
				"north": {"uv": [7, 4, 9, 6], "texture": "#2"},
				"east": {"uv": [7, 4, 9, 6], "texture": "#2"},
				"south": {"uv": [7, 4, 9, 6], "texture": "#2"},
				"west": {"uv": [7, 4, 9, 6], "texture": "#2"},
				"up": {"uv": [7, 4, 9, 6], "texture": "#2"}
			}
		},
		{
			"name": "torch",
			"from": [7, 2, 2],
			"to": [9, 4.5, 4],
			"faces": {
				"north": {"uv": [7, 6.5, 9, 9], "texture": "#2"},
				"east": {"uv": [7, 6.5, 9, 9], "texture": "#2"},
				"south": {"uv": [7, 6.5, 9, 9], "texture": "#2"},
				"west": {"uv": [7, 6.5, 9, 9], "texture": "#2"}
			}
		},
		{
			"name": "glow",
			"from": [9.5, 7.5, 4.5],
			"to": [6.5, 4.5, 1.5],
			"shade": false,
			"faces": {
				"north": {"uv": [7, 2, 9, 4], "texture": "#2"},
				"east": {"uv": [7, 2, 9, 4], "texture": "#2"},
				"south": {"uv": [7, 2, 9, 4], "texture": "#2"},
				"west": {"uv": [7, 2, 9, 4], "texture": "#2"},
				"up": {"uv": [7, 2, 9, 4], "texture": "#2"},
				"down": {"uv": [7, 2, 9, 4], "texture": "#2"}
			}
		},
		{
			"name": "glow",
			"from": [7, 4.5, 2],
			"to": [9, 5, 4],
			"shade": false,
			"faces": {
				"north": {"uv": [7, 2, 9, 4], "texture": "#2"},
				"east": {"uv": [7, 2, 9, 4], "texture": "#2"},
				"south": {"uv": [7, 2, 9, 4], "texture": "#2"},
				"west": {"uv": [7, 2, 9, 4], "texture": "#2"}
			}
		}
	]
}