{
	"credit": "zanderest",
	"textures": {
		"0": "block/torch_model",
		"particle": "block/torch_model"
	},
	"elements": [
		{
			"name": "torch",
			"from": [7, 8, 7],
			"to": [9, 10, 9],
			"shade": false,
			"faces": {
				"north": {"uv": [7, 4, 9, 6], "texture": "#0"},
				"east": {"uv": [7, 4, 9, 6], "texture": "#0"},
				"south": {"uv": [7, 4, 9, 6], "texture": "#0"},
				"west": {"uv": [7, 4, 9, 6], "texture": "#0"},
				"up": {"uv": [7, 4, 9, 6], "texture": "#0"}
			}
		},
		{
			"name": "torch",
			"from": [7, 0, 7],
			"to": [9, 8, 9],
			"shade": false,
			"faces": {
				"north": {"uv": [7, 6, 9, 14], "texture": "#0"},
				"east": {"uv": [7, 6, 9, 14], "texture": "#0"},
				"south": {"uv": [7, 6, 9, 14], "texture": "#0"},
				"west": {"uv": [7, 6, 9, 14], "texture": "#0"},
				"down": {"uv": [7, 14, 9, 16], "texture": "#0"}
			}
		}
	]
}