{
  "model": {
    "type": "minecraft:select",
    "property": "minecraft:custom_model_data",
    "cases": [
      {
        "when": "white",
        "model": {
          "type": "minecraft:model",
          "model": "happy_ghasts:item/white_harness"
        }
      },
      {
        "when": "light_gray",
        "model": {
          "type": "minecraft:model",
          "model": "happy_ghasts:item/light_gray_harness"
        }
      },
      {
        "when": "gray",
        "model": {
          "type": "minecraft:model",
          "model": "happy_ghasts:item/gray_harness"
        }
      },
      {
        "when": "black",
        "model": {
          "type": "minecraft:model",
          "model": "happy_ghasts:item/black_harness"
        }
      },
      {
        "when": "brown",
        "model": {
          "type": "minecraft:model",
          "model": "happy_ghasts:item/brown_harness"
        }
      },
      {
        "when": "red",
        "model": {
          "type": "minecraft:model",
          "model": "happy_ghasts:item/red_harness"
        }
      },
      {
        "when": "orange",
        "model": {
          "type": "minecraft:model",
          "model": "happy_ghasts:item/orange_harness"
        }
      },
      {
        "when": "yellow",
        "model": {
          "type": "minecraft:model",
          "model": "happy_ghasts:item/yellow_harness"
        }
      },
      {
        "when": "lime",
        "model": {
          "type": "minecraft:model",
          "model": "happy_ghasts:item/lime_harness"
        }
      },
      {
        "when": "green",
        "model": {
          "type": "minecraft:model",
          "model": "happy_ghasts:item/green_harness"
        }
      },
      {
        "when": "cyan",
        "model": {
          "type": "minecraft:model",
          "model": "happy_ghasts:item/cyan_harness"
        }
      },
      {
        "when": "light_blue",
        "model": {
          "type": "minecraft:model",
          "model": "happy_ghasts:item/light_blue_harness"
        }
      },
      {
        "when": "blue",
        "model": {
          "type": "minecraft:model",
          "model": "happy_ghasts:item/blue_harness"
        }
      },
      {
        "when": "purple",
        "model": {
          "type": "minecraft:model",
          "model": "happy_ghasts:item/purple_harness"
        }
      },
      {
        "when": "magenta",
        "model": {
          "type": "minecraft:model",
          "model": "happy_ghasts:item/magenta_harness"
        }
      },
      {
        "when": "pink",
        "model": {
          "type": "minecraft:model",
          "model": "happy_ghasts:item/pink_harness"
        }
      }
    ]
  }
}