{
	"textures": {
		"tentacle": "entity/ghast/ghastling",
		"particle": "entity/ghast/ghastling"
	},
	"elements": [
		{
			"name": "tentacle",
			"from": [7, -4, 7],
			"to": [9, 8, 9],
			"rotation": {"angle": 0, "axis": "y", "origin": [7, -4, 7]},
			"faces": {
				"north": {"uv": [0.5, 0.5, 1, 4], "texture": "#tentacle"},
				"east": {"uv": [0, 0.5, 0.5, 4], "texture": "#tentacle"},
				"south": {"uv": [1.5, 0.5, 2, 4], "texture": "#tentacle"},
				"west": {"uv": [1, 0.5, 1.5, 4], "texture": "#tentacle"},
				"up": {"uv": [0.5, 0, 1, 0.5], "texture": "#tentacle"},
				"down": {"uv": [1, 0, 1.5, 0.5], "texture": "#tentacle"}
			}
		}
	]
}