{
	"credit": "Made with Blockbench",
	"texture_size": [32, 16],
	"textures": {
		"particle": "entity/ghast/happy_ghast",
		"tentacle": "entity/ghast/happy_ghast"
	},
	"elements": [
		{
			"name": "tentacle",
			"from": [6, -16, 6],
			"to": [10, 8, 10],
			"rotation": {"angle": 0, "axis": "y", "origin": [6, -16, 6]},
			"faces": {
				"north": {"uv": [0.5, 1, 1, 8], "texture": "#tentacle"},
				"east": {"uv": [0, 1, 0.5, 8], "texture": "#tentacle"},
				"south": {"uv": [1.5, 1, 2, 8], "texture": "#tentacle"},
				"west": {"uv": [1, 1, 1.5, 8], "texture": "#tentacle"},
				"up": {"uv": [0.5, 0, 1, 1], "texture": "#tentacle"},
				"down": {"uv": [1, 0, 1.5, 1], "texture": "#tentacle"}
			}
		}
	]
}