{
	"credit": "zanderest",
	"ambientocclusion": false,
	"textures": {
		"0": "block/comparator",
		"1": "block/smooth_stone",
		"2": "block/redstone_torch_off",
		"particle": "block/smooth_stone"
	},
	"elements": [
		{
			"name": "baseplate",
			"from": [0, 0, 0],
			"to": [16, 2, 16],
			"faces": {
				"north": {"uv": [0, 14, 16, 16], "texture": "#1"},
				"east": {"uv": [0, 14, 16, 16], "texture": "#1"},
				"south": {"uv": [0, 14, 16, 16], "texture": "#1"},
				"west": {"uv": [0, 14, 16, 16], "texture": "#1"},
				"up": {"uv": [0, 0, 16, 16], "texture": "#0"},
				"down": {"uv": [0, 0, 16, 16], "texture": "#1"}
			}
		},
		{
			"name": "torch",
			"from": [7, 2, 2],
			"to": [9, 5, 4],
			"faces": {
				"north": {"uv": [7, 6, 9, 9], "texture": "#2"},
				"east": {"uv": [7, 6, 9, 9], "texture": "#2"},
				"south": {"uv": [7, 6, 9, 9], "texture": "#2"},
				"west": {"uv": [7, 6, 9, 9], "texture": "#2"},
				"up": {"uv": [7, 6, 9, 8], "texture": "#2"}
			}
		},
		{
			"name": "torch",
			"from": [10, 2, 11],
			"to": [12, 7, 13],
			"faces": {
				"north": {"uv": [7, 6, 9, 11], "texture": "#2"},
				"east": {"uv": [7, 6, 9, 11], "texture": "#2"},
				"south": {"uv": [7, 6, 9, 11], "texture": "#2"},
				"west": {"uv": [7, 6, 9, 11], "texture": "#2"},
				"up": {"uv": [7, 6, 9, 8], "texture": "#2"}
			}
		},
		{
			"name": "torch",
			"from": [4, 2, 11],
			"to": [6, 7, 13],
			"faces": {
				"north": {"uv": [7, 6, 9, 11], "texture": "#2"},
				"east": {"uv": [7, 6, 9, 11], "texture": "#2"},
				"south": {"uv": [7, 6, 9, 11], "texture": "#2"},
				"west": {"uv": [7, 6, 9, 11], "texture": "#2"},
				"up": {"uv": [7, 6, 9, 8], "texture": "#2"}
			}
		}
	]
}