{
	"credit": "zanderest",
	"textures": {
		"0": "block/redstone_torch_model",
		"particle": "block/redstone_torch_model"
	},
	"elements": [
		{
			"name": "torch",
			"from": [-1, 11.5, 7],
			"to": [1, 13.5, 9],
			"shade": false,
			"rotation": {"angle": -22.5, "axis": "z", "origin": [0, 3.5, 8]},
			"faces": {
				"north": {"uv": [7, 4, 9, 6], "texture": "#0"},
				"east": {"uv": [7, 4, 9, 6], "texture": "#0"},
				"south": {"uv": [7, 4, 9, 6], "texture": "#0"},
				"west": {"uv": [7, 4, 9, 6], "texture": "#0"},
				"up": {"uv": [7, 4, 9, 6], "texture": "#0"}
			}
		},
		{
			"name": "torch",
			"from": [-1, 3.5, 7],
			"to": [1, 11, 9],
			"rotation": {"angle": -22.5, "axis": "z", "origin": [0, 3.5, 8]},
			"faces": {
				"north": {"uv": [7, 6.5, 9, 14], "texture": "#0"},
				"east": {"uv": [7, 6.5, 9, 14], "texture": "#0"},
				"south": {"uv": [7, 6.5, 9, 14], "texture": "#0"},
				"west": {"uv": [7, 6.5, 9, 14], "texture": "#0"},
				"down": {"uv": [7, 14, 9, 16], "texture": "#0"}
			}
		},
		{
			"name": "glow",
			"from": [1.5, 14, 9.5],
			"to": [-1.5, 11, 6.5],
			"rotation": {"angle": -22.5, "axis": "z", "origin": [0, 3.5, 8]},
			"shade": false,
			"faces": {
				"north": {"uv": [7, 2, 9, 4], "texture": "#0"},
				"east": {"uv": [7, 2, 9, 4], "texture": "#0"},
				"south": {"uv": [7, 2, 9, 4], "texture": "#0"},
				"west": {"uv": [7, 2, 9, 4], "texture": "#0"},
				"up": {"uv": [7, 2, 9, 4], "texture": "#0"},
				"down": {"uv": [7, 2, 9, 4], "texture": "#0"}
			}
		},
		{
			"name": "glow",
			"from": [-1, 11, 7],
			"to": [1, 11.5, 9],
			"rotation": {"angle": -22.5, "axis": "z", "origin": [0, 3.5, 8]},
			"shade": false,
			"faces": {
				"north": {"uv": [7, 2, 9, 4], "texture": "#0"},
				"east": {"uv": [7, 2, 9, 4], "texture": "#0"},
				"south": {"uv": [7, 2, 9, 4], "texture": "#0"},
				"west": {"uv": [7, 2, 9, 4], "texture": "#0"}
			}
		}
	]
}