{
  "ambientocclusion": false,
  "textures": {
    "particle": "#torch"
  },
  "elements": [
    {
      "from": [
        -1,
        3.5,
        7
      ],
      "to": [
        1,
        13.5,
        9
      ],
      "rotation": {
        "origin": [
          0,
          3.5,
          8
        ],
        "axis": "z",
        "angle": -22.5
      },
      "shade": false,
      "faces": {
        "down": {
          "uv": [
            7,
            13,
            9,
            15
          ],
          "texture": "#torch"
        },
        "up": {
          "uv": [
            7,
            6,
            9,
            8
          ],
          "texture": "#torch"
        },
        "north": {
          "uv": [
            7,
            6,
            9,
            16
          ],
          "texture": "#torch"
        },
        "east": {
          "uv": [
            7,
            6,
            9,
            16
          ],
          "texture": "#torch"
        },
        "south": {
          "uv": [
            7,
            6,
            9,
            16
          ],
          "texture": "#torch"
        },
        "west": {
          "uv": [
            7,
            6,
            9,
            16
          ],
          "texture": "#torch"
        }
      }
    },
    {
      "from": [
        1.5,
        11,
        6.5
      ],
      "to": [
        -1.5,
        14,
        9.5
      ],
      "rotation": {
        "origin": [
          0,
          3.5,
          8
        ],
        "axis": "z",
        "angle": -22.5
      },
      "shade": false,
      "faces": {
        "down": {
          "uv": [
            6,
            5,
            7,
            6
          ],
          "texture": "#torch"
        },
        "up": {
          "uv": [
            6,
            5,
            7,
            6
          ],
          "texture": "#torch"
        },
        "north": {
          "uv": [
            6,
            5,
            7,
            6
          ],
          "texture": "#torch"
        },
        "east": {
          "uv": [
            6,
            5,
            7,
            6
          ],
          "texture": "#torch"
        },
        "south": {
          "uv": [
            6,
            5,
            7,
            6
          ],
          "texture": "#torch"
        },
        "west": {
          "uv": [
            6,
            5,
            7,
            6
          ],
          "texture": "#torch"
        }
      }
    }
  ]
}