{
	"credit": "Made with Blockbench",
	"texture_size": [32, 32],
	"textures": {
		"dried_ghast": "happy_ghasts:block/dried_ghast_size_1",
		"particle": "happy_ghasts:block/dried_ghast_particles"
	},
	"elements": [
		{
			"name": "body",
			"from": [3, 0, 3],
			"to": [13, 10, 13],
			"rotation": {"angle": 0, "axis": "y", "origin": [3, 0, 3]},
			"faces": {
				"north": {"uv": [3.33333, 3.33333, 6.66667, 6.66667], "texture": "#dried_ghast"},
				"east": {"uv": [0, 3.33333, 3.33333, 6.66667], "texture": "#dried_ghast"},
				"south": {"uv": [10, 3.33333, 13.33333, 6.66667], "texture": "#dried_ghast"},
				"west": {"uv": [6.66667, 3.33333, 10, 6.66667], "texture": "#dried_ghast"},
				"up": {"uv": [3.33333, 3.33333, 6.66667, 0], "texture": "#dried_ghast"},
				"down": {"uv": [6.66667, 0, 10, 3.33333], "texture": "#dried_ghast"}
			}
		},
		{
			"name": "body",
			"from": [0, 0, 0],
			"to": [16, 0.1, 16],
			"faces": {
				"up": {"uv": [5.33333, 12, 0, 6.66667], "texture": "#dried_ghast"},
				"down": {"uv": [10.66667, 6.66667, 5.33333, 12], "texture": "#dried_ghast"}
			}
		}
	],
	"display": {
		"thirdperson_righthand": {
			"rotation": [42.59, 38.53, 16.11],
			"translation": [-2.5, 1.25, 2],
			"scale": [0.45, 0.45, 0.45]
		},
		"thirdperson_lefthand": {
			"rotation": [42.59, 38.53, 16.11],
			"translation": [-2.5, 1.25, 2],
			"scale": [0.45, 0.45, 0.45]
		},
		"firstperson_righthand": {
			"rotation": [115.48, 72.92, -114.48],
			"translation": [6.75, 4.5, -0.75]
		},
		"firstperson_lefthand": {
			"rotation": [115.48, 72.92, -114.48],
			"translation": [6.75, 4.5, -0.75]
		},
		"ground": {
			"translation": [0, 2.25, 0],
			"scale": [0.45, 0.45, 0.45]
		},
		"gui": {
			"rotation": [-155, 45, -180],
			"translation": [0, 2.25, 0],
			"scale": [0.75, 0.75, 0.75]
		},
		"fixed": {
			"translation": [0, 4, 0]
		}
	}
}