{
  "model": {
    "type": "minecraft:select",
    "property": "minecraft:custom_model_data",
    "cases": [
      {
        "when": "white",
        "model": {
          "type": "minecraft:model",
          "model": "happy_ghasts:entity/equipment/white_harness"
        }
      },
      {
        "when": "light_gray",
        "model": {
          "type": "minecraft:model",
          "model": "happy_ghasts:entity/equipment/light_gray_harness"
        }
      },
      {
        "when": "gray",
        "model": {
          "type": "minecraft:model",
          "model": "happy_ghasts:entity/equipment/gray_harness"
        }
      },
      {
        "when": "black",
        "model": {
          "type": "minecraft:model",
          "model": "happy_ghasts:entity/equipment/black_harness"
        }
      },
      {
        "when": "brown",
        "model": {
          "type": "minecraft:model",
          "model": "happy_ghasts:entity/equipment/brown_harness"
        }
      },
      {
        "when": "red",
        "model": {
          "type": "minecraft:model",
          "model": "happy_ghasts:entity/equipment/red_harness"
        }
      },
      {
        "when": "orange",
        "model": {
          "type": "minecraft:model",
          "model": "happy_ghasts:entity/equipment/orange_harness"
        }
      },
      {
        "when": "yellow",
        "model": {
          "type": "minecraft:model",
          "model": "happy_ghasts:entity/equipment/yellow_harness"
        }
      },
      {
        "when": "lime",
        "model": {
          "type": "minecraft:model",
          "model": "happy_ghasts:entity/equipment/lime_harness"
        }
      },
      {
        "when": "green",
        "model": {
          "type": "minecraft:model",
          "model": "happy_ghasts:entity/equipment/green_harness"
        }
      },
      {
        "when": "cyan",
        "model": {
          "type": "minecraft:model",
          "model": "happy_ghasts:entity/equipment/cyan_harness"
        }
      },
      {
        "when": "light_blue",
        "model": {
          "type": "minecraft:model",
          "model": "happy_ghasts:entity/equipment/light_blue_harness"
        }
      },
      {
        "when": "blue",
        "model": {
          "type": "minecraft:model",
          "model": "happy_ghasts:entity/equipment/blue_harness"
        }
      },
      {
        "when": "purple",
        "model": {
          "type": "minecraft:model",
          "model": "happy_ghasts:entity/equipment/purple_harness"
        }
      },
      {
        "when": "magenta",
        "model": {
          "type": "minecraft:model",
          "model": "happy_ghasts:entity/equipment/magenta_harness"
        }
      },
      {
        "when": "pink",
        "model": {
          "type": "minecraft:model",
          "model": "happy_ghasts:entity/equipment/pink_harness"
        }
      }
    ]
  }
}