{
	"credit": "zanderest",
	"parent": "block/block",
	"ambientocclusion": false,
	"textures": {
		"top": "create:block/diodes/powered_toggle_latch/idle",
		"torch": "minecraft:block/redstone_torch_off",
		"smooth_stone": "minecraft:block/smooth_stone",
		"particle": "minecraft:block/smooth_stone",
		"base": "minecraft:block/cobblestone",
		"lever": "minecraft:block/lever"
	},
	"elements": [
		{
			"name": "Top",
			"from": [3, 2, 4],
			"to": [13, 3, 12],
			"faces": {
				"north": {"uv": [3, 4, 13, 5], "rotation": 180, "texture": "#top"},
				"east": {"uv": [12, 4, 13, 12], "rotation": 90, "texture": "#top"},
				"south": {"uv": [3, 11, 13, 12], "texture": "#top"},
				"west": {"uv": [3, 4, 4, 12], "rotation": 90, "texture": "#top"},
				"up": {"uv": [3, 4, 13, 12], "texture": "#top"}
			}
		},
		{
			"name": "circuit",
			"from": [0, 0, 0],
			"to": [16, 2, 16],
			"faces": {
				"north": {"uv": [0, 0, 16, 2], "texture": "#smooth_stone"},
				"east": {"uv": [0, 0, 16, 2], "texture": "#smooth_stone"},
				"south": {"uv": [0, 0, 16, 2], "texture": "#smooth_stone"},
				"west": {"uv": [0, 0, 16, 2], "texture": "#smooth_stone"},
				"up": {"uv": [0, 0, 16, 16], "texture": "#top"},
				"down": {"uv": [0, 0, 16, 16], "texture": "#smooth_stone"}
			}
		},
		{
			"name": "Front Torch",
			"from": [6, 2, 1],
			"to": [10, 8, 3],
			"rotation": {"angle": 0, "axis": "y", "origin": [8, 8, 7]},
			"faces": {
				"north": {"uv": [6, 5, 10, 11], "texture": "#torch"},
				"south": {"uv": [6, 5, 10, 11], "texture": "#torch"}
			}
		},
		{
			"name": "Front Torch",
			"from": [7, 2, 0],
			"to": [9, 8, 4],
			"rotation": {"angle": 0, "axis": "y", "origin": [8, 8, 7]},
			"faces": {
				"east": {"uv": [6, 5, 10, 11], "texture": "#torch"},
				"west": {"uv": [6, 5, 10, 11], "texture": "#torch"}
			}
		},
		{
			"name": "Front Torch Top",
			"from": [7, 6, 1],
			"to": [9, 7, 3],
			"rotation": {"angle": 0, "axis": "y", "origin": [8, 8, 7]},
			"faces": {
				"up": {"uv": [7, 6, 9, 8], "texture": "#torch"}
			}
		},
		{
			"from": [4, 2, 5],
			"to": [12, 5, 11],
			"rotation": {"angle": 0, "axis": "y", "origin": [8, 9, 8]},
			"faces": {
				"north": {"uv": [4, 0, 12, 3], "texture": "#base"},
				"east": {"uv": [5, 0, 11, 3], "texture": "#base"},
				"south": {"uv": [4, 0, 12, 3], "texture": "#base"},
				"west": {"uv": [5, 0, 11, 3], "texture": "#base"},
				"up": {"uv": [5, 4, 11, 12], "rotation": 90, "texture": "#base"},
				"down": {"uv": [5, 4, 11, 12], "rotation": 270, "texture": "#base", "cullface": "down"}
			}
		},
		{
			"from": [11.24264, 4.75736, 7],
			"to": [13.24264, 14.75736, 9],
			"rotation": {"angle": -45, "axis": "z", "origin": [8, 9, 8]},
			"faces": {
				"north": {"uv": [7, 6, 9, 16], "texture": "#lever"},
				"east": {"uv": [7, 6, 9, 16], "texture": "#lever"},
				"south": {"uv": [7, 6, 9, 16], "texture": "#lever"},
				"west": {"uv": [7, 6, 9, 16], "texture": "#lever"},
				"up": {"uv": [7, 6, 9, 8], "rotation": 90, "texture": "#lever"}
			}
		}
	],
	"display": {
		"gui": {
			"rotation": [30, 45, 0],
			"translation": [0, 2.5, 0],
			"scale": [0.625, 0.625, 0.625]
		},
        "fixed": {
            "rotation": [ 270, 0, 0 ],
            "translation": [ 0, 0, -3],
            "scale":[ 0.5, 0.5, 0.5 ]
        }
    }
}