{
	"texture_size": [64, 64],
	"textures": {
		"ghastling": "entity/ghast/ghastling/hurt",
		"particle": "entity/ghast/ghastling/hurt"
	},
	"elements": [
		{
			"name": "ghastling",
			"from": [0, 0, 0],
			"to": [16, 16, 16],
			"faces": {
				"north": {"uv": [4, 4, 8, 8], "texture": "#ghastling"},
				"east": {"uv": [0, 4, 4, 8], "texture": "#ghastling"},
				"south": {"uv": [12, 4, 16, 8], "texture": "#ghastling"},
				"west": {"uv": [8, 4, 12, 8], "texture": "#ghastling"},
				"up": {"uv": [4, 4, 8, 0], "texture": "#ghastling"},
				"down": {"uv": [12, 0, 8, 4], "texture": "#ghastling"}
			}
		},
		{
			"name": "ghastling_core",
			"from": [0.5, 0.5, 0.5],
			"to": [15.5, 15.5, 15.5],
			"faces": {
				"north": {"uv": [4, 12, 8, 16], "texture": "#ghastling"},
				"east": {"uv": [0, 12, 4, 16], "texture": "#ghastling"},
				"south": {"uv": [12, 12, 16, 16], "texture": "#ghastling"},
				"west": {"uv": [8, 12, 12, 16], "texture": "#ghastling"},
				"up": {"uv": [4, 12, 8, 8], "texture": "#ghastling"},
				"down": {"uv": [12, 8, 8, 12], "texture": "#ghastling"}
			}
		},
		{
			"name": "ghastling_core",
			"from": [0.5, 0.5, 15.5],
			"to": [15.5, 15.5, 0.5],
			"rotation": {"angle": 0, "axis": "y", "origin": [0, 0, 15]},
			"faces": {
				"north": {"uv": [12, 12, 16, 16], "texture": "#ghastling"},
				"east": {"uv": [4, 12, 0, 16], "texture": "#ghastling"},
				"south": {"uv": [4, 12, 8, 16], "texture": "#ghastling"},
				"west": {"uv": [12, 12, 8, 16], "texture": "#ghastling"},
				"up": {"uv": [8, 12, 4, 8], "texture": "#ghastling"},
				"down": {"uv": [8, 8, 12, 12], "texture": "#ghastling"}
			}
		}
	]
}