{
	"credit": "zanderest",
	"ambientocclusion": false,
	"textures": {
		"0": "quark:block/randomizer_on_left",
		"1": "block/smooth_stone",
		"2": "block/redstone_torch_off",
		"3": "block/redstone_torch_model",
		"particle": "block/smooth_stone"
	},
	"elements": [
		{
			"name": "baseplate",
			"from": [0, 0, 0],
			"to": [16, 2, 16],
			"faces": {
				"north": {"uv": [0, 14, 16, 16], "texture": "#1", "cullface": "north"},
				"east": {"uv": [0, 14, 16, 16], "texture": "#1", "cullface": "east"},
				"south": {"uv": [0, 14, 16, 16], "texture": "#1", "cullface": "south"},
				"west": {"uv": [0, 14, 16, 16], "texture": "#1", "cullface": "west"},
				"up": {"uv": [0, 0, 16, 16], "texture": "#0"},
				"down": {"uv": [0, 0, 16, 16], "texture": "#1", "cullface": "down"}
			}
		},
		{
			"name": "randomizer",
			"from": [6, 2, 6],
			"to": [10, 4, 10],
			"faces": {
				"north": {"uv": [6, 6, 10, 8], "texture": "#0"},
				"east": {"uv": [6, 6, 10, 8], "texture": "#0"},
				"south": {"uv": [6, 6, 10, 8], "texture": "#0"},
				"west": {"uv": [6, 6, 10, 8], "texture": "#0"},
				"up": {"uv": [6, 6, 10, 10], "texture": "#0"}
			}
		},
		{
			"name": "torch",
			"from": [7, 5, 12],
			"to": [9, 7, 14],
			"shade": false,
			"faces": {
				"north": {"uv": [7, 4, 9, 6], "texture": "#3"},
				"east": {"uv": [7, 4, 9, 6], "texture": "#3"},
				"south": {"uv": [7, 4, 9, 6], "texture": "#3"},
				"west": {"uv": [7, 4, 9, 6], "texture": "#3"},
				"up": {"uv": [7, 4, 9, 6], "texture": "#3"}
			}
		},
		{
			"name": "torch",
			"from": [7, 2, 12],
			"to": [9, 4.5, 14],
			"faces": {
				"north": {"uv": [7, 6.5, 9, 9], "texture": "#3"},
				"east": {"uv": [7, 6.5, 9, 9], "texture": "#3"},
				"south": {"uv": [7, 6.5, 9, 9], "texture": "#3"},
				"west": {"uv": [7, 6.5, 9, 9], "texture": "#3"}
			}
		},
		{
			"name": "glow",
			"from": [9.5, 7.5, 14.5],
			"to": [6.5, 4.5, 11.5],
			"shade": false,
			"faces": {
				"north": {"uv": [7, 2, 9, 4], "texture": "#3"},
				"east": {"uv": [7, 2, 9, 4], "texture": "#3"},
				"south": {"uv": [7, 2, 9, 4], "texture": "#3"},
				"west": {"uv": [7, 2, 9, 4], "texture": "#3"},
				"up": {"uv": [7, 2, 9, 4], "texture": "#3"},
				"down": {"uv": [7, 2, 9, 4], "texture": "#3"}
			}
		},
		{
			"name": "glow",
			"from": [7, 4.5, 12],
			"to": [9, 5, 14],
			"shade": false,
			"faces": {
				"north": {"uv": [7, 2, 9, 4], "texture": "#3"},
				"east": {"uv": [7, 2, 9, 4], "texture": "#3"},
				"south": {"uv": [7, 2, 9, 4], "texture": "#3"},
				"west": {"uv": [7, 2, 9, 4], "texture": "#3"}
			}
		},
		{
			"name": "torch",
			"from": [2, 5, 7],
			"to": [4, 7, 9],
			"shade": false,
			"faces": {
				"north": {"uv": [7, 4, 9, 6], "texture": "#3"},
				"east": {"uv": [7, 4, 9, 6], "texture": "#3"},
				"south": {"uv": [7, 4, 9, 6], "texture": "#3"},
				"west": {"uv": [7, 4, 9, 6], "texture": "#3"},
				"up": {"uv": [7, 4, 9, 6], "texture": "#3"}
			}
		},
		{
			"name": "torch",
			"from": [2, 2, 7],
			"to": [4, 4.5, 9],
			"faces": {
				"north": {"uv": [7, 6.5, 9, 9], "texture": "#3"},
				"east": {"uv": [7, 6.5, 9, 9], "texture": "#3"},
				"south": {"uv": [7, 6.5, 9, 9], "texture": "#3"},
				"west": {"uv": [7, 6.5, 9, 9], "texture": "#3"}
			}
		},
		{
			"name": "glow",
			"from": [4.5, 7.5, 9.5],
			"to": [1.5, 4.5, 6.5],
			"shade": false,
			"faces": {
				"north": {"uv": [7, 2, 9, 4], "texture": "#3"},
				"east": {"uv": [7, 2, 9, 4], "texture": "#3"},
				"south": {"uv": [7, 2, 9, 4], "texture": "#3"},
				"west": {"uv": [7, 2, 9, 4], "texture": "#3"},
				"up": {"uv": [7, 2, 9, 4], "texture": "#3"},
				"down": {"uv": [7, 2, 9, 4], "texture": "#3"}
			}
		},
		{
			"name": "glow",
			"from": [2, 4.5, 7],
			"to": [4, 5, 9],
			"shade": false,
			"faces": {
				"north": {"uv": [7, 2, 9, 4], "texture": "#3"},
				"east": {"uv": [7, 2, 9, 4], "texture": "#3"},
				"south": {"uv": [7, 2, 9, 4], "texture": "#3"},
				"west": {"uv": [7, 2, 9, 4], "texture": "#3"}
			}
		},
		{
			"name": "torch",
			"from": [12, 2, 7],
			"to": [14, 7, 9],
			"faces": {
				"north": {"uv": [7, 6, 9, 11], "texture": "#2"},
				"east": {"uv": [7, 6, 9, 11], "texture": "#2"},
				"south": {"uv": [7, 6, 9, 11], "texture": "#2"},
				"west": {"uv": [7, 6, 9, 11], "texture": "#2"},
				"up": {"uv": [7, 6, 9, 8], "texture": "#2"}
			}
		}
	]
}