{
	"parent": "block/block",
	"ambientocclusion": false,
	"textures": {
		"redstone_antenna": "create:block/redstone_antenna",
		"particle": "create:block/redstone_bridge",
		"redstone_bridge": "create:block/redstone_bridge"
	},
	"elements": [
		{
			"name": "Controller",
			"from": [2, 0, 2],
			"to": [14, 3, 14],
			"faces": {
				"north": {"uv": [6, 7, 7.5, 13], "rotation": 90, "texture": "#redstone_bridge"},
				"east": {"uv": [0, 13, 6, 14.5], "texture": "#redstone_bridge"},
				"south": {"uv": [6, 7, 7.5, 13], "rotation": 90, "texture": "#redstone_bridge"},
				"west": {"uv": [0, 13, 6, 14.5], "texture": "#redstone_bridge"},
				"up": {"uv": [0, 7, 6, 13], "rotation": 270, "texture": "#redstone_bridge"},
				"down": {"uv": [5, 0, 11, 6], "rotation": 90, "texture": "#redstone_bridge"}
			}
		},
		{
			"name": "AntennaTop",
			"from": [1, 9, 4],
			"to": [2, 10, 5],
			"faces": {
				"up": {"uv": [1, 1, 2, 2], "texture": "#redstone_antenna"}
			}
		},
		{
			"name": "AntennaZ",
			"from": [1, 1, 3],
			"to": [2, 11, 6],
			"faces": {
				"east": {"uv": [0, 0, 3, 10], "texture": "#redstone_antenna"},
				"west": {"uv": [0, 0, 3, 10], "texture": "#redstone_antenna"}
			}
		},
		{
			"name": "AntennaX",
			"from": [0, 1, 4],
			"to": [3, 11, 5],
			"faces": {
				"north": {"uv": [0, 0, 3, 10], "texture": "#redstone_antenna"},
				"south": {"uv": [0, 0, 3, 10], "texture": "#redstone_antenna"},
				"down": {"uv": [0, 9, 3, 10], "texture": "#redstone_antenna"}
			}
		},
		{
			"from": [6, 2.5, 3.5],
			"to": [10, 3.5, 7.5],
			"faces": {
				"north": {"uv": [11, 2, 13, 2.5], "texture": "#redstone_bridge"},
				"east": {"uv": [11, 2, 13, 2.5], "texture": "#redstone_bridge"},
				"south": {"uv": [11, 2, 13, 2.5], "texture": "#redstone_bridge"},
				"west": {"uv": [11, 2, 13, 2.5], "texture": "#redstone_bridge"},
				"up": {"uv": [11, 0, 13, 2], "texture": "#redstone_bridge"}
			}
		},
		{
			"from": [6, 2.5, 8.5],
			"to": [10, 3.5, 12.5],
			"faces": {
				"north": {"uv": [11, 2, 13, 2.5], "texture": "#redstone_bridge"},
				"east": {"uv": [11, 2, 13, 2.5], "texture": "#redstone_bridge"},
				"south": {"uv": [11, 2, 13, 2.5], "texture": "#redstone_bridge"},
				"west": {"uv": [11, 2, 13, 2.5], "texture": "#redstone_bridge"},
				"up": {"uv": [13, 0, 15, 2], "texture": "#redstone_bridge"}
			}
		}
	],
	"display": {
		"thirdperson_righthand": {
			"rotation": [75, 45, 0],
			"translation": [0, 2.5, 0],
			"scale": [0.375, 0.375, 0.375]
		},
		"thirdperson_lefthand": {
			"rotation": [75, 45, 0],
			"translation": [0, 2.5, 0],
			"scale": [0.375, 0.375, 0.375]
		},
		"firstperson_righthand": {
			"rotation": [0, 45, 0],
			"scale": [0.4, 0.4, 0.4]
		},
		"firstperson_lefthand": {
			"rotation": [0, 225, 0],
			"scale": [0.4, 0.4, 0.4]
		},
		"ground": {
			"translation": [0, 3, 0],
			"scale": [0.25, 0.25, 0.25]
		},
		"gui": {
			"rotation": [30, 225, 0],
			"translation": [0, 2.5, 0],
			"scale": [0.625, 0.625, 0.625]
		},
		"fixed": {
			"scale": [0.5, 0.5, 0.5]
		}
	}
}