{
	"credit": "zanderest",
	"parent": "block/block",
	"ambientocclusion": false,
	"textures": {
		"redstone_antenna": "create:block/redstone_antenna_powered",
		"particle": "create:block/redstone_bridge_powered",
		"redstone_bridge": "create:block/redstone_bridge_powered"
	},
	"elements": [
		{
			"name": "Controller",
			"from": [2, 0, 2],
			"to": [14, 3, 14],
			"faces": {
				"north": {"uv": [6, 7, 7.5, 13], "rotation": 90, "texture": "#redstone_bridge"},
				"east": {"uv": [0, 13, 6, 14.5], "texture": "#redstone_bridge"},
				"south": {"uv": [6, 7, 7.5, 13], "rotation": 90, "texture": "#redstone_bridge"},
				"west": {"uv": [0, 13, 6, 14.5], "texture": "#redstone_bridge"},
				"up": {"uv": [0, 7, 6, 13], "rotation": 270, "texture": "#redstone_bridge"},
				"down": {"uv": [5, 0, 11, 6], "rotation": 90, "texture": "#redstone_bridge"}
			}
		},
		{
			"name": "antenna",
			"from": [1, 9, 4],
			"to": [2, 10, 5],
			"shade": false,
			"faces": {
				"north": {"uv": [1, 1, 2, 2], "texture": "#redstone_antenna"},
				"east": {"uv": [1, 1, 2, 2], "texture": "#redstone_antenna"},
				"south": {"uv": [1, 1, 2, 2], "texture": "#redstone_antenna"},
				"west": {"uv": [1, 1, 2, 2], "texture": "#redstone_antenna"},
				"up": {"uv": [1, 1, 2, 2], "texture": "#redstone_antenna"}
			}
		},
		{
			"name": "antenna",
			"from": [1, 1, 4],
			"to": [2, 8.5, 5],
			"faces": {
				"north": {"uv": [1, 2.5, 2, 10], "texture": "#redstone_antenna"},
				"east": {"uv": [1, 2.5, 2, 10], "texture": "#redstone_antenna"},
				"south": {"uv": [1, 2.5, 2, 10], "texture": "#redstone_antenna"},
				"west": {"uv": [1, 2.5, 2, 10], "texture": "#redstone_antenna"},
				"down": {"uv": [1, 9, 2, 10], "texture": "#redstone_antenna"}
			}
		},
		{
			"name": "glow",
			"from": [2.5, 10.5, 5.5],
			"to": [0.5, 8.5, 3.5],
			"shade": false,
			"faces": {
				"north": {"uv": [1, 0, 2, 1], "texture": "#redstone_antenna"},
				"east": {"uv": [1, 0, 2, 1], "texture": "#redstone_antenna"},
				"south": {"uv": [1, 0, 2, 1], "texture": "#redstone_antenna"},
				"west": {"uv": [1, 0, 2, 1], "texture": "#redstone_antenna"},
				"up": {"uv": [1, 0, 2, 1], "texture": "#redstone_antenna"},
				"down": {"uv": [1, 0, 2, 1], "texture": "#redstone_antenna"}
			}
		},
		{
			"name": "glow",
			"from": [1, 8.5, 4],
			"to": [2, 9, 5],
			"shade": false,
			"faces": {
				"north": {"uv": [1, 0, 2, 1], "texture": "#redstone_antenna"},
				"east": {"uv": [1, 0, 2, 1], "texture": "#redstone_antenna"},
				"south": {"uv": [1, 0, 2, 1], "texture": "#redstone_antenna"},
				"west": {"uv": [1, 0, 2, 1], "texture": "#redstone_antenna"}
			}
		},
		{
			"name": "Dish",
			"from": [-1, 7, 2],
			"to": [4, 7, 7],
			"faces": {
				"up": {"uv": [4, 0, 9, 5], "texture": "#redstone_antenna"},
				"down": {"uv": [4, 0, 9, 5], "texture": "#redstone_antenna"}
			}
		},
		{
			"from": [6, 2.5, 3.5],
			"to": [10, 3.5, 7.5],
			"faces": {
				"north": {"uv": [11, 2, 13, 2.5], "texture": "#redstone_bridge"},
				"east": {"uv": [11, 2, 13, 2.5], "texture": "#redstone_bridge"},
				"south": {"uv": [11, 2, 13, 2.5], "texture": "#redstone_bridge"},
				"west": {"uv": [11, 2, 13, 2.5], "texture": "#redstone_bridge"},
				"up": {"uv": [11, 0, 13, 2], "texture": "#redstone_bridge"}
			}
		},
		{
			"from": [6, 2.5, 8.5],
			"to": [10, 3.5, 12.5],
			"faces": {
				"north": {"uv": [11, 2, 13, 2.5], "texture": "#redstone_bridge"},
				"east": {"uv": [11, 2, 13, 2.5], "texture": "#redstone_bridge"},
				"south": {"uv": [11, 2, 13, 2.5], "texture": "#redstone_bridge"},
				"west": {"uv": [11, 2, 13, 2.5], "texture": "#redstone_bridge"},
				"up": {"uv": [13, 0, 15, 2], "texture": "#redstone_bridge"}
			}
		}
	],
	"display": {
		"gui": {
			"rotation": [30, 45, 0],
			"scale": [0.625, 0.625, 0.625]
		}
	}
}