{
	"texture_size": [128, 64],
	"textures": {
		"fabric": "happy_ghasts:entity/equipment/green_fabric",
		"goggles": "happy_ghasts:entity/equipment/ghast_goggles",
		"particle": "happy_ghasts:entity/equipment/ghast_harness",
		"harness": "happy_ghasts:entity/equipment/ghast_harness"
	},
	"elements": [
		{
			"name": "saddle",
			"from": [-10.5, -10.5, 26.5],
			"to": [26.5, 26.5, -10.5],
			"rotation": {"angle": 0, "axis": "y", "origin": [-11, -11, 62]},
			"faces": {
				"north": {"uv": [16, 8, 12, 16], "texture": "#harness"},
				"east": {"uv": [4, 8, 0, 16], "texture": "#harness"},
				"south": {"uv": [8, 8, 4, 16], "texture": "#harness"},
				"west": {"uv": [12, 8, 8, 16], "texture": "#harness"},
				"up": {"uv": [8, 0, 4, 8], "texture": "#harness"},
				"down": {"uv": [12, 0, 8, 8], "texture": "#harness"}
			}
		},
		{
			"name": "saddle",
			"from": [-10.5, -10.5, -10.5],
			"to": [26.5, 26.5, 26.5],
			"rotation": {"angle": 0, "axis": "y", "origin": [-10, -10, -10]},
			"faces": {
				"north": {"uv": [4, 8, 8, 16], "texture": "#harness"},
				"east": {"uv": [0, 8, 4, 16], "texture": "#harness"},
				"south": {"uv": [12, 8, 16, 16], "texture": "#harness"},
				"west": {"uv": [8, 8, 12, 16], "texture": "#harness"},
				"up": {"uv": [8, 8, 4, 0], "texture": "#harness"},
				"down": {"uv": [8, 0, 12, 8], "texture": "#harness"}
			}
		},
		{
			"name": "fabric",
			"from": [-10.5, -10.5, 26.5],
			"to": [26.5, 26.5, -10.5],
			"rotation": {"angle": 0, "axis": "y", "origin": [-11, -11, 62]},
			"faces": {
				"north": {"uv": [16, 8, 12, 16], "texture": "#fabric"},
				"east": {"uv": [4, 8, 0, 16], "texture": "#fabric"},
				"south": {"uv": [8, 8, 4, 16], "texture": "#fabric"},
				"west": {"uv": [12, 8, 8, 16], "texture": "#fabric"},
				"up": {"uv": [8, 0, 4, 8], "texture": "#fabric"},
				"down": {"uv": [12, 0, 8, 8], "texture": "#fabric"}
			}
		},
		{
			"name": "fabric",
			"from": [-10.5, -10.5, -10.5],
			"to": [26.5, 26.5, 26.5],
			"rotation": {"angle": 0, "axis": "y", "origin": [-10, -10, -10]},
			"faces": {
				"north": {"uv": [4, 8, 8, 16], "texture": "#fabric"},
				"east": {"uv": [0, 8, 4, 16], "texture": "#fabric"},
				"south": {"uv": [12, 8, 16, 16], "texture": "#fabric"},
				"west": {"uv": [8, 8, 12, 16], "texture": "#fabric"},
				"up": {"uv": [8, 8, 4, 0], "texture": "#fabric"},
				"down": {"uv": [8, 0, 12, 8], "texture": "#fabric"}
			}
		},
		{
			"name": "goggles",
			"from": [-11, -11, 27],
			"to": [27, 27, -11],
			"rotation": {"angle": 0, "axis": "y", "origin": [-11, -11, 61]},
			"faces": {
				"north": {"uv": [16, 8, 12, 16], "texture": "#goggles"},
				"east": {"uv": [4, 8, 0, 16], "texture": "#goggles"},
				"south": {"uv": [8, 8, 4, 16], "texture": "#goggles"},
				"west": {"uv": [12, 8, 8, 16], "texture": "#goggles"},
				"up": {"uv": [8, 0, 4, 8], "texture": "#goggles"},
				"down": {"uv": [12, 0, 8, 8], "texture": "#goggles"}
			}
		},
		{
			"name": "goggles",
			"from": [-11, -11, -11],
			"to": [27, 27, 27],
			"rotation": {"angle": 0, "axis": "y", "origin": [-10, -10, -10]},
			"faces": {
				"north": {"uv": [4, 8, 8, 16], "texture": "#goggles"},
				"east": {"uv": [0, 8, 4, 16], "texture": "#goggles"},
				"south": {"uv": [12, 8, 16, 16], "texture": "#goggles"},
				"west": {"uv": [8, 8, 12, 16], "texture": "#goggles"},
				"up": {"uv": [8, 8, 4, 0], "texture": "#goggles"},
				"down": {"uv": [8, 0, 12, 8], "texture": "#goggles"}
			}
		}
	],
	"groups": [
		{
			"name": "Saddle",
			"origin": [-10, -10, -10],
			"color": 0,
			"children": [0, 1]
		},
		{
			"name": "Fabric",
			"origin": [-10, -10, -10],
			"color": 0,
			"children": [2, 3]
		},
		{
			"name": "Goggles",
			"origin": [-10, -10, -10],
			"color": 0,
			"children": [4, 5]
		}
	]
}