{
	"texture_size": [128, 64],
	"textures": {
		"happy_ghast": "entity/ghast/happy_ghast/hurt",
		"particle": "entity/ghast/happy_ghast/hurt"
	},
	"elements": [
		{
			"name": "body",
			"from": [-10, -10, -10],
			"to": [26, 26, 26],
			"rotation": {"angle": 0, "axis": "y", "origin": [-10, -10, -10]},
			"faces": {
				"north": {"uv": [4, 8, 8, 16], "texture": "#happy_ghast"},
				"east": {"uv": [0, 8, 4, 16], "texture": "#happy_ghast"},
				"south": {"uv": [12, 8, 16, 16], "texture": "#happy_ghast"},
				"west": {"uv": [8, 8, 12, 16], "texture": "#happy_ghast"},
				"up": {"uv": [8, 8, 4, 0], "texture": "#happy_ghast"},
				"down": {"uv": [8, 0, 12, 8], "texture": "#happy_ghast"}
			}
		},
		{
			"name": "body",
			"from": [-10, -10, 26],
			"to": [26, 26, -10],
			"rotation": {"angle": 0, "axis": "y", "origin": [-10, -10, 44]},
			"faces": {
				"north": {"uv": [16, 8, 12, 16], "texture": "#happy_ghast"},
				"east": {"uv": [4, 8, 0, 16], "texture": "#happy_ghast"},
				"south": {"uv": [8, 8, 4, 16], "texture": "#happy_ghast"},
				"west": {"uv": [12, 8, 8, 16], "texture": "#happy_ghast"},
				"up": {"uv": [8, 0, 4, 8], "texture": "#happy_ghast"},
				"down": {"uv": [12, 0, 8, 8], "texture": "#happy_ghast"}
			}
		}
	]
}